Typology,Top 1%,Top 5%,Top 10%,Total TXN
FAN-IN,1.0,1.0,1.0,15
FAN-OUT,0.975609756097561,1.0,1.0,41
GATHER-SCATTER,0.927536231884058,0.9710144927536232,0.9855072463768116,69
SCATTER-GATHER,0.9122807017543859,0.9298245614035088,0.9824561403508771,57
CYCLE,0.8604651162790697,0.9534883720930233,0.9767441860465116,43
STACK,0.782608695652174,0.9565217391304348,0.9565217391304348,23
BIPARTITE,0.926829268292683,0.9512195121951219,0.9512195121951219,41
RANDOM,0.8095238095238095,0.9523809523809523,1.0,21
ALL LAUNDERING,0.6266490765171504,0.7638522427440633,0.8746701846965699,758
